symbol,bucket
ABB.NSE,large
ADANIENSOL.NSE,large
ADANIENT.NSE,large
ADANIGREEN.NSE,large
ADANIPORTS.NSE,large
ADANIPOWER.NSE,large
AMBUJACEM.NSE,large
APOLLOHOSP.NSE,large
ASIANPAINT.NSE,large
DMART.NSE,large
AXISBANK.NSE,large
BAJAJ-AUTO.NSE,large
BAJFINANCE.NSE,large
BAJAJFINSV.NSE,large
BAJAJHLDNG.NSE,large
BANKBARODA.NSE,large
BEL.NSE,large
BPCL.NSE,large
BHARTIARTL.NSE,large
BOSCHLTD.NSE,large
BRITANNIA.NSE,large
CGPOWER.NSE,large
CANBK.NSE,large
CHOLAFIN.NSE,large
CIPLA.NSE,large
COALINDIA.NSE,large
CUMMINSIND.NSE,large
DLF.NSE,large
DIVISLAB.NSE,large
DRREDDY.NSE,large
EICHERMOT.NSE,large
ETERNAL.NSE,large
GAIL.NSE,large
GODREJCP.NSE,large
GRASIM.NSE,large
HCLTECH.NSE,large
HDFCAMC.NSE,large
HDFCBANK.NSE,large
HDFCLIFE.NSE,large
HINDALCO.NSE,large
HAL.NSE,large
HINDUNILVR.NSE,large
HINDZINC.NSE,large
HYUNDAI.NSE,large
ICICIBANK.NSE,large
ITC.NSE,large
INDHOTEL.NSE,large
IOC.NSE,large
IRFC.NSE,large
INFY.NSE,large
INDIGO.NSE,large
JSWSTEEL.NSE,large
JINDALSTEL.NSE,large
JIOFIN.NSE,large
KOTAKBANK.NSE,large
LTM.NSE,large
LT.NSE,large
LODHA.NSE,large
M&M.NSE,large
MARUTI.NSE,large
MAXHEALTH.NSE,large
MAZDOCK.NSE,large
MUTHOOTFIN.NSE,large
NTPC.NSE,large
NESTLEIND.NSE,large
ONGC.NSE,large
PIDILITIND.NSE,large
PFC.NSE,large
POWERGRID.NSE,large
PNB.NSE,large
RECLTD.NSE,large
RELIANCE.NSE,large
SBILIFE.NSE,large
MOTHERSON.NSE,large
SHREECEM.NSE,large
SHRIRAMFIN.NSE,large
ENRIN.NSE,large
SIEMENS.NSE,large
SOLARINDS.NSE,large
SBIN.NSE,large
SUNPHARMA.NSE,large
TVSMOTOR.NSE,large
TATACAP.NSE,large
TCS.NSE,large
TATACONSUM.NSE,large
TMCV.NSE,large
TMPV.NSE,large
TATAPOWER.NSE,large
TATASTEEL.NSE,large
TECHM.NSE,large
TITAN.NSE,large
TORNTPHARM.NSE,large
TRENT.NSE,large
ULTRACEMCO.NSE,large
UNIONBANK.NSE,large
UNITDSPR.NSE,large
VBL.NSE,large
VEDL.NSE,large
WIPRO.NSE,large
ZYDUSLIFE.NSE,large
360ONE.NSE,mid
3MINDIA.NSE,mid
ACC.NSE,mid
AIAENG.NSE,mid
APLAPOLLO.NSE,mid
AUBANK.NSE,mid
AWL.NSE,mid
ABBOTINDIA.NSE,mid
ATGL.NSE,mid
ABCAPITAL.NSE,mid
AJANTPHARM.NSE,mid
ALKEM.NSE,mid
ANTHEM.NSE,mid
APARINDS.NSE,mid
APOLLOTYRE.NSE,mid
ASHOKLEY.NSE,mid
ASTRAL.NSE,mid
AUROPHARMA.NSE,mid
AIIL.NSE,mid
BSE.NSE,mid
BAJAJHFL.NSE,mid
BALKRISIND.NSE,mid
BANKINDIA.NSE,mid
MAHABANK.NSE,mid
BERGEPAINT.NSE,mid
BDL.NSE,mid
BHARATFORG.NSE,mid
BHEL.NSE,mid
BHARTIHEXA.NSE,mid
GROWW.NSE,mid
BIOCON.NSE,mid
BLUESTARCO.NSE,mid
CRISIL.NSE,mid
COCHINSHIP.NSE,mid
COFORGE.NSE,mid
COLPAL.NSE,mid
CONCOR.NSE,mid
COROMANDEL.NSE,mid
DABUR.NSE,mid
DALBHARAT.NSE,mid
DIXON.NSE,mid
ENDURANCE.NSE,mid
ESCORTS.NSE,mid
EXIDEIND.NSE,mid
NYKAA.NSE,mid
FEDERALBNK.NSE,mid
FORTIS.NSE,mid
GVT&D.NSE,mid
GMRAIRPORT.NSE,mid
GICRE.NSE,mid
GLAXO.NSE,mid
GLENMARK.NSE,mid
MEDANTA.NSE,mid
GODFRYPHLP.NSE,mid
GODREJIND.NSE,mid
GODREJPROP.NSE,mid
FLUOROCHEM.NSE,mid
HDBFS.NSE,mid
HAVELLS.NSE,mid
HEROMOTOCO.NSE,mid
HEXT.NSE,mid
HINDPETRO.NSE,mid
POWERINDIA.NSE,mid
HONAUT.NSE,mid
HUDCO.NSE,mid
ICICIGI.NSE,mid
ICICIAMC.NSE,mid
ICICIPRULI.NSE,mid
IDFCFIRSTB.NSE,mid
ITCHOTELS.NSE,mid
INDIANB.NSE,mid
IRCTC.NSE,mid
IREDA.NSE,mid
INDUSTOWER.NSE,mid
INDUSINDBK.NSE,mid
NAUKRI.NSE,mid
IPCALAB.NSE,mid
JKCEMENT.NSE,mid
JSWENERGY.NSE,mid
JSWINFRA.NSE,mid
JSL.NSE,mid
JUBLFOOD.NSE,mid
KPRMILL.NSE,mid
KEI.NSE,mid
KPITTECH.NSE,mid
KALYANKJIL.NSE,mid
LTF.NSE,mid
LTTS.NSE,mid
LGEINDIA.NSE,mid
LICHSGFIN.NSE,mid
LAURUSLABS.NSE,mid
LENSKART.NSE,mid
LICI.NSE,mid
LINDEINDIA.NSE,mid
LLOYDSME.NSE,mid
LUPIN.NSE,mid
MRF.NSE,mid
M&MFIN.NSE,mid
MANKIND.NSE,mid
MARICO.NSE,mid
MFSL.NSE,mid
MOTILALOFS.NSE,mid
MPHASIS.NSE,mid
MCX.NSE,mid
NHPC.NSE,mid
NLCINDIA.NSE,mid
NMDC.NSE,mid
NTPCGREEN.NSE,mid
NATIONALUM.NSE,mid
NAM-INDIA.NSE,mid
OBEROIRLTY.NSE,mid
OIL.NSE,mid
PAYTM.NSE,mid
OFSS.NSE,mid
POLICYBZR.NSE,mid
PIIND.NSE,mid
PAGEIND.NSE,mid
PATANJALI.NSE,mid
PERSISTENT.NSE,mid
PETRONET.NSE,mid
PHOENIXLTD.NSE,mid
POLYCAB.NSE,mid
PREMIERENE.NSE,mid
PRESTIGE.NSE,mid
RADICO.NSE,mid
RVNL.NSE,mid
SBICARD.NSE,mid
SJVN.NSE,mid
SRF.NSE,mid
SCHAEFFLER.NSE,mid
SAIL.NSE,mid
SUNDARMFIN.NSE,mid
SUPREMEIND.NSE,mid
SUZLON.NSE,mid
SWIGGY.NSE,mid
TATACOMM.NSE,mid
TATAELXSI.NSE,mid
TATAINVEST.NSE,mid
NIACL.NSE,mid
THERMAX.NSE,mid
TORNTPOWER.NSE,mid
TIINDIA.NSE,mid
UNOMINDA.NSE,mid
UPL.NSE,mid
UBL.NSE,mid
VMM.NSE,mid
IDEA.NSE,mid
VOLTAS.NSE,mid
WAAREEENER.NSE,mid
YESBANK.NSE,mid
ACMESOLAR.NSE,small
AADHARHFC.NSE,small
AARTIIND.NSE,small
AAVAS.NSE,small
ACE.NSE,small
ACUTAAS.NSE,small
ABFRL.NSE,small
ABLBL.NSE,small
ABREL.NSE,small
ABSLAMC.NSE,small
CPPLUS.NSE,small
AEGISLOG.NSE,small
AEGISVOPAK.NSE,small
AFCONS.NSE,small
AFFLE.NSE,small
ABDL.NSE,small
ARE&M.NSE,small
AMBER.NSE,small
ANANDRATHI.NSE,small
ANANTRAJ.NSE,small
ANGELONE.NSE,small
ANURAS.NSE,small
APTUS.NSE,small
ASAHIINDIA.NSE,small
ASTERDM.NSE,small
ATHERENERG.NSE,small
ATUL.NSE,small
BEML.NSE,small
BLS.NSE,small
BALRAMCHIN.NSE,small
BANDHANBNK.NSE,small
BATAINDIA.NSE,small
BAYERCROP.NSE,small
BELRISE.NSE,small
BIKAJI.NSE,small
BSOFT.NSE,small
BLUEDART.NSE,small
BLUEJET.NSE,small
BBTC.NSE,small
FIRSTCRY.NSE,small
BRIGADE.NSE,small
MAPMYINDIA.NSE,small
CCL.NSE,small
CESC.NSE,small
CIEINDIA.NSE,small
CANFINHOME.NSE,small
CANHLIFE.NSE,small
CAPLIPOINT.NSE,small
CGCL.NSE,small
CARBORUNIV.NSE,small
CARTRADE.NSE,small
CASTROLIND.NSE,small
CEATLTD.NSE,small
CEMPRO.NSE,small
CENTRALBK.NSE,small
CDSL.NSE,small
CHALET.NSE,small
CHAMBLFERT.NSE,small
CHENNPETRO.NSE,small
CHOICEIN.NSE,small
CHOLAHLDNG.NSE,small
CUB.NSE,small
CLEAN.NSE,small
COHANCE.NSE,small
CAMS.NSE,small
CONCORDBIO.NSE,small
CRAFTSMAN.NSE,small
CREDITACC.NSE,small
CROMPTON.NSE,small
CYIENT.NSE,small
DCMSHRIRAM.NSE,small
DOMS.NSE,small
DATAPATTNS.NSE,small
DEEPAKFERT.NSE,small
DEEPAKNTR.NSE,small
DELHIVERY.NSE,small
DEVYANI.NSE,small
LALPATHLAB.NSE,small
EIDPARRY.NSE,small
EIHOTEL.NSE,small
ELECON.NSE,small
ELGIEQUIP.NSE,small
EMAMILTD.NSE,small
EMCURE.NSE,small
EMMVEE.NSE,small
ENGINERSIN.NSE,small
ERIS.NSE,small
FACT.NSE,small
FINCABLES.NSE,small
FSL.NSE,small
FIVESTAR.NSE,small
FORCEMOT.NSE,small
GABRIEL.NSE,small
GALLANTT.NSE,small
GRSE.NSE,small
GILLETTE.NSE,small
GLAND.NSE,small
GODIGIT.NSE,small
GPIL.NSE,small
GRANULES.NSE,small
GRAPHITE.NSE,small
GRAVITA.NSE,small
GESHIP.NSE,small
GMDCLTD.NSE,small
HEG.NSE,small
HBLENGINE.NSE,small
HFCL.NSE,small
HSCL.NSE,small
HINDCOPPER.NSE,small
HOMEFIRST.NSE,small
HONASA.NSE,small
IDBI.NSE,small
IFCI.NSE,small
IIFL.NSE,small
IRB.NSE,small
IRCON.NSE,small
ITI.NSE,small
INDGN.NSE,small
INDIACEM.NSE,small
INDIAMART.NSE,small
IEX.NSE,small
IOB.NSE,small
IGL.NSE,small
INOXWIND.NSE,small
INTELLECT.NSE,small
IGIL.NSE,small
IKS.NSE,small
JBMA.NSE,small
JKTYRE.NSE,small
JMFINANCIL.NSE,small
JSWCEMENT.NSE,small
JSWDULUX.NSE,small
JAINREC.NSE,small
JPPOWER.NSE,small
J&KBANK.NSE,small
JINDALSAW.NSE,small
JUBLINGREA.NSE,small
JUBLPHARMA.NSE,small
JWL.NSE,small
JYOTICNC.NSE,small
KAJARIACER.NSE,small
KPIL.NSE,small
KARURVYSYA.NSE,small
KAYNES.NSE,small
KEC.NSE,small
KFINTECH.NSE,small
KIRLOSENG.NSE,small
KIMS.NSE,small
LTFOODS.NSE,small
LATENTVIEW.NSE,small
THELEELA.NSE,small
LEMONTREE.NSE,small
MMTC.NSE,small
MGL.NSE,small
MANAPPURAM.NSE,small
MRPL.NSE,small
MEESHO.NSE,small
MINDACORP.NSE,small
MSUMI.NSE,small
NATCOPHARM.NSE,small
NBCC.NSE,small
NCC.NSE,small
NSLNISP.NSE,small
NH.NSE,small
NAVA.NSE,small
NAVINFLUOR.NSE,small
NETWEB.NSE,small
NEULANDLAB.NSE,small
NEWGEN.NSE,small
NIVABUPA.NSE,small
NUVAMA.NSE,small
NUVOCO.NSE,small
OLAELEC.NSE,small
OLECTRA.NSE,small
ONESOURCE.NSE,small
PCBL.NSE,small
PGEL.NSE,small
PNBHOUSING.NSE,small
PTCIL.NSE,small
PVRINOX.NSE,small
PARADEEP.NSE,small
PFIZER.NSE,small
PWL.NSE,small
PINELABS.NSE,small
PIRAMALFIN.NSE,small
PPLPHARMA.NSE,small
POLYMED.NSE,small
POONAWALLA.NSE,small
PFOCUS.NSE,small
RRKABEL.NSE,small
RBLBANK.NSE,small
RHIM.NSE,small
RITES.NSE,small
RAILTEL.NSE,small
RAINBOW.NSE,small
RKFORGE.NSE,small
REDINGTON.NSE,small
RPOWER.NSE,small
SBFC.NSE,small
SAGILITY.NSE,small
SAILIFE.NSE,small
SAMMAANCAP.NSE,small
SAPPHIRE.NSE,small
SARDAEN.NSE,small
SAREGAMA.NSE,small
SCHNEIDER.NSE,small
SCI.NSE,small
SHYAMMETL.NSE,small
SIGNATURE.NSE,small
SOBHA.NSE,small
SONACOMS.NSE,small
SONATSOFTW.NSE,small
STARHEALTH.NSE,small
SUMICHEM.NSE,small
SUNTV.NSE,small
SPLPETRO.NSE,small
SWANCORP.NSE,small
SYNGENE.NSE,small
SYRMA.NSE,small
TBOTEK.NSE,small
TATACHEM.NSE,small
TATATECH.NSE,small
TTML.NSE,small
TECHNOE.NSE,small
TEGA.NSE,small
TEJASNET.NSE,small
TENNIND.NSE,small
RAMCOCEM.NSE,small
TIMKEN.NSE,small
TITAGARH.NSE,small
TARIL.NSE,small
TRAVELFOOD.NSE,small
TRIDENT.NSE,small
TRITURBINE.NSE,small
UCOBANK.NSE,small
UTIAMC.NSE,small
URBANCO.NSE,small
USHAMART.NSE,small
VTL.NSE,small
VIJAYA.NSE,small
WELCORP.NSE,small
WELSPUNLIV.NSE,small
WHIRLPOOL.NSE,small
WOCKPHARMA.NSE,small
ZFCVINDIA.NSE,small
ZEEL.NSE,small
ZENTEC.NSE,small
ZENSARTECH.NSE,small
ZYDUSWELL.NSE,small
ECLERX.NSE,small
